
-- springboard 데이터베이스 구조 내보내기
DROP DATABASE IF EXISTS templestay_site;

CREATE DATABASE templestay_site DEFAULT CHARACTER SET utf8 COLLATE utf8_general_ci;


-- 사용자 추가
GRANT ALL ON templestay_site.* TO tester1@localhost IDENTIFIED BY '1234';


FLUSH PRIVILEGES;


-- 데이터베이스 변경
USE templestay_site;

DROP TABLE IF EXISTS TB_User;

DROP TABLE IF EXISTS tb_bbs_attachfile
DROP TABLE IF EXISTS tb_bbs_comments
DROP TABLE IF EXISTS TB_Bbs_Article;
DROP TABLE IF EXISTS TB_Bbs_Board;



-- 테이블 templestay_site.tb_user 구조 내보내기
CREATE TABLE IF NOT EXISTS `tb_user` (
  `userno` int(11) NOT NULL AUTO_INCREMENT,
  `userid` varchar(20) NOT NULL,
  `userpassword` varchar(40) NOT NULL,
  `username` varchar(40) NOT NULL,
  `useremail` varchar(40) DEFAULT NULL,
  `phonenumber` varchar(40) DEFAULT NULL,
  `addr_postcode` varchar(40) DEFAULT NULL,
  `addr_road` varchar(40) DEFAULT NULL,
  `addr_jibun` varchar(40) DEFAULT NULL,
  `joindate` datetime DEFAULT NULL,
  PRIMARY KEY (`userno`)
) ENGINE=InnoDB AUTO_INCREMENT=29 DEFAULT CHARSET=utf8;

-- 테이블 데이터 templestay_site.tb_user:~6 rows (대략적) 내보내기
/*!40000 ALTER TABLE `tb_user` DISABLE KEYS */;
INSERT INTO `tb_user` (`userno`, `userid`, `userpassword`, `username`, `useremail`, `phonenumber`, `addr_postcode`, `addr_road`, `addr_jibun`, `joindate`) VALUES
    (12, '유영기', '1234', '유영기', 'youngki@naver.com', '0100000000', '13560', '경기 성남시 분당구 분당수서로 305 (정자동)', '경기 성남시 분당구 정자동 184-3', '2017-08-08 11:02:10'),
    (15, 'admin', 'admin', 'admin', 'admin@naver.com', '01000000000', '01849', '서울 노원구 공릉로 95 (공릉동)', '서울 노원구 공릉동 661-11', '2017-08-08 12:59:56'),
    (17, '존재아이디', '1234', '1234', '1234@12', '1234', '02446', '서울 동대문구 망우로 3 (휘경동)', '서울 동대문구 휘경동 343-16', '2017-08-08 13:08:07'),
    (22, 'another_one', '12', 'another_one', '12@12', '12', '', '', '', '2017-08-08 15:19:18'),
    (26, 'yoo', '1234', 'yoo', 'yoo@naver.com', '01012345678', '05089', '서울 광진구 강변북로 6 (자양동)', '서울 광진구 자양동 158-17', '2017-08-08 17:50:18'),
    (28, 'aa', 'aa', 'aa', 'aa@aa', 'aa', '04150', '서울 마포구 큰우물로 3 (대흥동)', '서울 마포구 대흥동 337-10', '2017-08-09 16:10:22');



-- 테이블 templestay_site.tb_bbs_board 구조 내보내기
CREATE TABLE IF NOT EXISTS `tb_bbs_board` (
  `boardcd` varchar(20) NOT NULL,
  `boardname` varchar(40) NOT NULL,
  `userid` varchar(40) DEFAULT NULL,
  PRIMARY KEY (`boardcd`)
) ENGINE=InnoDB DEFAULT CHARSET=utf8;

-- 테이블 데이터 templestay_site.tb_bbs_board:~2 rows (대략적) 내보내기
/*!40000 ALTER TABLE `tb_bbs_board` DISABLE KEYS */;
INSERT INTO `tb_bbs_board` (`boardcd`, `boardname`, `userid`) VALUES
    ('free', '자유게시판', NULL),
    ('notice', '공지사항', NULL),
    ('qna', 'qna게시판', NULL);
/*!40000 ALTER TABLE `tb_bbs_board` ENABLE KEYS */;


CREATE TABLE IF NOT EXISTS `tb_bbs_article` (
  `articleno` int(10) unsigned NOT NULL AUTO_INCREMENT,
  `boardcd` varchar(20) DEFAULT NULL,
  `title` varchar(200) NOT NULL,
  `content` mediumtext,
  `email` varchar(60) DEFAULT NULL,
  `hit` int(10) unsigned DEFAULT '0',
  `date` datetime DEFAULT NULL,
  `userid` varchar(40) DEFAULT NULL,
  PRIMARY KEY (`articleno`),
  KEY `boardcd` (`boardcd`),
  CONSTRAINT `tb_bbs_article_ibfk_1` FOREIGN KEY (`boardcd`) REFERENCES `tb_bbs_board` (`boardcd`)
) ENGINE=InnoDB AUTO_INCREMENT=555 DEFAULT CHARSET=utf8;

-- 테이블 데이터 templestay_site.tb_bbs_article:~509 rows (대략적) 내보내기
/*!40000 ALTER TABLE `tb_bbs_article` DISABLE KEYS */;
INSERT INTO `tb_bbs_article` (`boardcd`, `title`, `content`, `email`, `hit`, `date`, `userid`)
VALUES
    ('notice', 'test_title', 'test_content', 'admin@naver.com', 0, '2017-08-08 12:58:06', 'admin'),
    ('qna', 'test_title', 'test_content', 'new@naver.com', 0, '2017-08-08 12:58:33', 'new'),
    ('qna', '댓글관련', '댓글에 대한 화면구성을 보여주는 글 입니다.', 'new@naver.com', 0, '2017-08-08 12:58:34', 'new'),
    ('free', 'test_title', 'test_content', 'new@naver.com', 0, '2017-08-08 12:57:33', 'new'),
    ('free', 'test_title', 'test_content', 'new@naver.com', 0, '2017-08-08 12:57:33', 'new'),
    ('free', 'test_title', 'test_content', 'new@naver.com', 0, '2017-08-08 12:57:33', 'new'),
    ('free', 'test_title', 'test_content', 'new@naver.com', 0, '2017-08-08 12:57:33', 'new'),
    ('free', 'test_title', 'test_content', 'new@naver.com', 0, '2017-08-08 12:57:33', 'new'),
    ('free', 'test_title', 'test_content', 'new@naver.com', 0, '2017-08-08 12:57:33', 'new'),
    ('free', 'test_title', 'test_content', 'new@naver.com', 0, '2017-08-08 12:57:33', 'new'),
    ('free', 'test_title', 'test_content', 'new@naver.com', 0, '2017-08-08 12:57:33', 'new'),
    ('free', 'test_title', 'test_content', 'new@naver.com', 0, '2017-08-08 12:57:33', 'new'),
    ('free', 'test_title', 'test_content', 'new@naver.com', 0, '2017-08-08 12:57:33', 'new'),
    ('free', 'test_title', 'test_content', 'new@naver.com', 0, '2017-08-08 12:57:33', 'new'),
    ('free', 'test_title', 'test_content', 'new@naver.com', 0, '2017-08-08 12:57:33', 'new'),
    ('free', 'test_title', 'test_content', 'new@naver.com', 0, '2017-08-08 12:57:33', 'new'),
    ('free', 'test_title', 'test_content', 'new@naver.com', 0, '2017-08-08 12:57:33', 'new'),
    ('free', 'test_title', 'test_content', 'new@naver.com', 0, '2017-08-08 12:57:33', 'new'),
    ('free', 'test_title', 'test_content', 'new@naver.com', 0, '2017-08-08 12:57:33', 'new'),
    ('free', 'test_title', 'test_content', 'new@naver.com', 0, '2017-08-08 12:57:33', 'new'),
    ('free', 'test_title', 'test_content', 'new@naver.com', 0, '2017-08-08 12:57:33', 'new'),
    ('free', 'test_title', 'test_content', 'new@naver.com', 0, '2017-08-08 12:57:33', 'new'),
    ('free', 'test_title', 'test_content', 'new@naver.com', 0, '2017-08-08 12:57:33', 'new'),
    ('free', 'test_title', 'test_content', 'new@naver.com', 0, '2017-08-08 12:57:33', 'new'),
    ('free', 'test_title', 'test_content', 'new@naver.com', 0, '2017-08-08 12:57:33', 'new'),
    ('free', 'test_title', 'test_content', 'new@naver.com', 0, '2017-08-08 12:57:33', 'new'),
    ('free', 'test_title', 'test_content', 'new@naver.com', 0, '2017-08-08 12:57:33', 'new'),
    ('free', 'test_title', 'test_content', 'new@naver.com', 0, '2017-08-08 12:57:33', 'new'),
    ('free', 'test_title', 'test_content', 'new@naver.com', 0, '2017-08-08 12:57:33', 'new'),
    ('free', 'test_title', 'test_content', 'new@naver.com', 0, '2017-08-08 12:57:33', 'new'),
    ('free', 'test_title', 'test_content', 'new@naver.com', 0, '2017-08-08 12:57:33', 'new'),
    ('free', 'test_title', 'test_content', 'new@naver.com', 0, '2017-08-08 12:57:33', 'new'),
    ('free', 'test_title', 'test_content', 'new@naver.com', 0, '2017-08-08 12:57:33', 'new'),
    ('free', 'test_title', 'test_content', 'new@naver.com', 0, '2017-08-08 12:57:33', 'new'),
    ('free', 'test_title', 'test_content', 'new@naver.com', 0, '2017-08-08 12:57:33', 'new'),
    ('free', 'test_title', 'test_content', 'new@naver.com', 0, '2017-08-08 12:57:33', 'new'),
    ('free', 'test_title', 'test_content', 'new@naver.com', 0, '2017-08-08 12:57:33', 'new'),
    ('free', 'test_title', 'test_content', 'new@naver.com', 0, '2017-08-08 12:57:33', 'new'),
    ('free', 'test_title', 'test_content', 'new@naver.com', 0, '2017-08-08 12:57:33', 'new'),
    ('free', 'test_title', 'test_content', 'new@naver.com', 0, '2017-08-08 12:57:33', 'new'),
    ('free', 'test_title', 'test_content', 'new@naver.com', 0, '2017-08-08 12:57:33', 'new'),
    ('free', 'test_title', 'test_content', 'new@naver.com', 0, '2017-08-08 12:57:33', 'new'),
    ('free', 'test_title', 'test_content', 'new@naver.com', 0, '2017-08-08 12:57:33', 'new'),
    ('free', 'test_title', 'test_content', 'new@naver.com', 0, '2017-08-08 12:57:33', 'new'),
    ('free', 'test_title', 'test_content', 'new@naver.com', 0, '2017-08-08 12:57:33', 'new'),
    ('free', 'test_title', 'test_content', 'new@naver.com', 0, '2017-08-08 12:57:33', 'new'),
    ('free', 'test_title', 'test_content', 'new@naver.com', 0, '2017-08-08 12:57:33', 'new'),
    ('free', 'test_title', 'test_content', 'new@naver.com', 0, '2017-08-08 12:57:33', 'new'),
    ('free', 'test_title', 'test_content', 'new@naver.com', 0, '2017-08-08 12:57:33', 'new'),
    ('free', 'test_title', 'test_content', 'new@naver.com', 0, '2017-08-08 12:57:33', 'new'),
    ('free', 'test_title', 'test_content', 'new@naver.com', 0, '2017-08-08 12:57:33', 'new'),
    ('free', 'test_title', 'test_content', 'new@naver.com', 0, '2017-08-08 12:57:33', 'new'),
    ('free', 'test_title', 'test_content', 'new@naver.com', 0, '2017-08-08 12:57:33', 'new'),
    ('free', 'test_title', 'test_content', 'new@naver.com', 0, '2017-08-08 12:57:33', 'new'),
    ('free', 'test_title', 'test_content', 'new@naver.com', 0, '2017-08-08 12:57:33', 'new'),
    ('free', 'test_title', 'test_content', 'new@naver.com', 0, '2017-08-08 12:57:33', 'new'),
    ('free', 'test_title', 'test_content', 'new@naver.com', 0, '2017-08-08 12:57:33', 'new'),
    ('free', 'test_title', 'test_content', 'new@naver.com', 0, '2017-08-08 12:57:33', 'new'),
    ('free', 'test_title', 'test_content', 'new@naver.com', 0, '2017-08-08 12:57:33', 'new'),
    ('free', 'test_title', 'test_content', 'new@naver.com', 0, '2017-08-08 12:57:33', 'new'),
    ('free', 'test_title', 'test_content', 'new@naver.com', 0, '2017-08-08 12:57:33', 'new'),
    ('free', 'test_title', 'test_content', 'new@naver.com', 0, '2017-08-08 12:57:33', 'new'),
    ('free', 'test_title', 'test_content', 'new@naver.com', 0, '2017-08-08 12:57:33', 'new'),
    ('free', 'test_title', 'test_content', 'new@naver.com', 0, '2017-08-08 12:57:33', 'new'),
    ('free', 'test_title', 'test_content', 'new@naver.com', 0, '2017-08-08 12:57:33', 'new'),
    ('free', 'test_title', 'test_content', 'new@naver.com', 0, '2017-08-08 12:57:33', 'new'),
    ('free', 'test_title', 'test_content', 'new@naver.com', 0, '2017-08-08 12:57:33', 'new'),
    ('free', 'test_title', 'test_content', 'new@naver.com', 0, '2017-08-08 12:57:33', 'new'),
    ('free', 'test_title', 'test_content', 'new@naver.com', 0, '2017-08-08 12:57:33', 'new'),
    ('free', 'test_title', 'test_content', 'new@naver.com', 0, '2017-08-08 12:57:33', 'new'),
    ('free', 'test_title', 'test_content', 'new@naver.com', 0, '2017-08-08 12:57:33', 'new'),
    ('free', 'test_title', 'test_content', 'new@naver.com', 0, '2017-08-08 12:57:33', 'new'),
    ('free', 'test_title', 'test_content', 'new@naver.com', 0, '2017-08-08 12:57:33', 'new'),
    ('free', 'test_title', 'test_content', 'new@naver.com', 0, '2017-08-08 12:57:33', 'new'),
    ('free', 'test_title', 'test_content', 'new@naver.com', 0, '2017-08-08 12:57:33', 'new'),
    ('free', 'test_title', 'test_content', 'new@naver.com', 0, '2017-08-08 12:57:33', 'new'),
    ('free', 'test_title', 'test_content', 'new@naver.com', 0, '2017-08-08 12:57:33', 'new'),
    ('free', 'test_title', 'test_content', 'new@naver.com', 0, '2017-08-08 12:57:33', 'new'),
    ('free', 'test_title', 'test_content', 'new@naver.com', 0, '2017-08-08 12:57:33', 'new'),
    ('free', 'test_title', 'test_content', 'new@naver.com', 0, '2017-08-08 12:57:33', 'new'),
    ('free', 'test_title', 'test_content', 'new@naver.com', 0, '2017-08-08 12:57:33', 'new'),
    ('free', 'test_title', 'test_content', 'new@naver.com', 0, '2017-08-08 12:57:33', 'new'),
    ('free', 'test_title', 'test_content', 'new@naver.com', 0, '2017-08-08 12:57:33', 'new'),
    ('free', 'test_title', 'test_content', 'new@naver.com', 0, '2017-08-08 12:57:33', 'new'),
    ('free', 'test_title', 'test_content', 'new@naver.com', 0, '2017-08-08 12:57:33', 'new'),
    ('free', 'test_title', 'test_content', 'new@naver.com', 0, '2017-08-08 12:57:33', 'new'),
    ('free', 'test_title', 'test_content', 'new@naver.com', 0, '2017-08-08 12:57:33', 'new'),
    ('free', 'test_title', 'test_content', 'new@naver.com', 0, '2017-08-08 12:57:33', 'new'),
    ('free', 'test_title', 'test_content', 'new@naver.com', 0, '2017-08-08 12:57:33', 'new'),
    ('free', 'test_title', 'test_content', 'new@naver.com', 0, '2017-08-08 12:57:33', 'new'),
    ('free', 'test_title', 'test_content', 'new@naver.com', 0, '2017-08-08 12:57:33', 'new'),
    ('free', 'test_title', 'test_content', 'new@naver.com', 0, '2017-08-08 12:57:33', 'new'),
    ('free', 'test_title', 'test_content', 'new@naver.com', 0, '2017-08-08 12:57:33', 'new'),
    ('free', 'test_title', 'test_content', 'new@naver.com', 0, '2017-08-08 12:57:33', 'new'),
    ('free', 'test_title', 'test_content', 'new@naver.com', 0, '2017-08-08 12:57:33', 'new'),
    ('free', 'test_title', 'test_content', 'new@naver.com', 0, '2017-08-08 12:57:33', 'new'),
    ('free', 'test_title', 'test_content', 'new@naver.com', 0, '2017-08-08 12:57:33', 'new'),
    ('free', 'test_title', 'test_content', 'new@naver.com', 0, '2017-08-08 12:57:33', 'new'),
    ('free', 'test_title', 'test_content', 'new@naver.com', 0, '2017-08-08 12:57:33', 'new'),
    ('free', 'test_title', 'test_content', 'new@naver.com', 0, '2017-08-08 12:57:33', 'new'),
    ('free', 'test_title', 'test_content', 'new@naver.com', 0, '2017-08-08 12:57:33', 'new'),
    ('free', 'test_title', 'test_content', 'new@naver.com', 0, '2017-08-08 12:57:33', 'new'),
    ('free', 'test_title', 'test_content', 'new@naver.com', 0, '2017-08-08 12:57:33', 'new'),
    ('free', 'test_title', 'test_content', 'new@naver.com', 0, '2017-08-08 12:57:33', 'new'),
    ('free', 'test_title', 'test_content', 'new@naver.com', 0, '2017-08-08 12:57:33', 'new'),
    ('free', 'test_title', 'test_content', 'new@naver.com', 0, '2017-08-08 12:57:33', 'new'),
    ('free', 'test_title', 'test_content', 'new@naver.com', 0, '2017-08-08 12:57:33', 'new'),
    ('free', 'test_title', 'test_content', 'new@naver.com', 0, '2017-08-08 12:57:33', 'new'),
    ('free', 'test_title', 'test_content', 'new@naver.com', 0, '2017-08-08 12:57:33', 'new'),
    ('free', 'test_title', 'test_content', 'new@naver.com', 0, '2017-08-08 12:57:33', 'new'),
    ('free', 'test_title', 'test_content', 'new@naver.com', 0, '2017-08-08 12:57:33', 'new'),
    ('free', 'test_title', 'test_content', 'new@naver.com', 0, '2017-08-08 12:57:33', 'new'),
    ('free', 'test_title', 'test_content', 'new@naver.com', 0, '2017-08-08 12:57:33', 'new'),
    ('free', 'test_title', 'test_content', 'new@naver.com', 0, '2017-08-08 12:57:33', 'new'),
    ('free', 'test_title', 'test_content', 'new@naver.com', 0, '2017-08-08 12:57:33', 'new'),
    ('free', 'test_title', 'test_content', 'new@naver.com', 0, '2017-08-08 12:57:33', 'new'),
    ('free', 'test_title', 'test_content', 'new@naver.com', 0, '2017-08-08 12:57:33', 'new'),
    ('free', 'test_title', 'test_content', 'new@naver.com', 0, '2017-08-08 12:57:33', 'new'),
    ('free', 'test_title', 'test_content', 'new@naver.com', 0, '2017-08-08 12:57:33', 'new'),
    ('free', 'test_title', 'test_content', 'new@naver.com', 0, '2017-08-08 12:57:33', 'new'),
    ('free', 'test_title', 'test_content', 'new@naver.com', 0, '2017-08-08 12:57:33', 'new'),
    ('free', 'test_title', 'test_content', 'new@naver.com', 0, '2017-08-08 12:57:33', 'new'),
    ('free', 'test_title', 'test_content', 'new@naver.com', 0, '2017-08-08 12:57:33', 'new'),
    ('free', 'test_title', 'test_content', 'new@naver.com', 0, '2017-08-08 12:57:33', 'new'),
    ('free', 'test_title', 'test_content', 'new@naver.com', 0, '2017-08-08 12:57:33', 'new'),
    ('free', 'test_title', 'test_content', 'new@naver.com', 0, '2017-08-08 12:57:33', 'new'),
    ('free', 'test_title', 'test_content', 'new@naver.com', 0, '2017-08-08 12:57:33', 'new'),
    ('free', 'test_title', 'test_content', 'new@naver.com', 0, '2017-08-08 12:57:33', 'new'),
    ('free', 'test_title', 'test_content', 'new@naver.com', 0, '2017-08-08 12:57:33', 'new'),
    ('free', 'test_title', 'test_content', 'new@naver.com', 0, '2017-08-08 12:57:33', 'new'),
    ('free', 'test_title', 'test_content', 'new@naver.com', 0, '2017-08-08 12:57:33', 'new'),
    ('free', 'test_title', 'test_content', 'new@naver.com', 0, '2017-08-08 12:57:33', 'new'),
    ('free', 'test_title', 'test_content', 'new@naver.com', 0, '2017-08-08 12:57:33', 'new'),
    ('free', 'test_title', 'test_content', 'new@naver.com', 0, '2017-08-08 12:57:33', 'new'),
    ('free', 'test_title', 'test_content', 'new@naver.com', 0, '2017-08-08 12:57:33', 'new'),
    ('free', 'test_title', 'test_content', 'new@naver.com', 0, '2017-08-08 12:57:33', 'new'),
    ('free', 'test_title', 'test_content', 'new@naver.com', 0, '2017-08-08 12:57:33', 'new'),
    ('free', 'test_title', 'test_content', 'new@naver.com', 0, '2017-08-08 12:57:33', 'new'),
    ('free', 'test_title', 'test_content', 'new@naver.com', 0, '2017-08-08 12:57:33', 'new'),
    ('free', 'test_title', 'test_content', 'new@naver.com', 0, '2017-08-08 12:57:33', 'new'),
    ('free', 'test_title', 'test_content', 'new@naver.com', 0, '2017-08-08 12:57:33', 'new'),
    ('free', 'test_title', 'test_content', 'new@naver.com', 0, '2017-08-08 12:57:33', 'new'),
    ('free', 'test_title', 'test_content', 'new@naver.com', 0, '2017-08-08 12:57:33', 'new'),
    ('free', 'test_title', 'test_content', 'new@naver.com', 0, '2017-08-08 12:57:33', 'new'),
    ('free', 'test_title', 'test_content', 'new@naver.com', 0, '2017-08-08 12:57:33', 'new'),
    ('free', 'test_title', 'test_content', 'new@naver.com', 0, '2017-08-08 12:57:33', 'new'),
    ('free', 'test_title', 'test_content', 'new@naver.com', 0, '2017-08-08 12:57:33', 'new'),
    ('free', 'test_title', 'test_content', 'new@naver.com', 0, '2017-08-08 12:57:33', 'new'),
    ('free', 'test_title', 'test_content', 'new@naver.com', 0, '2017-08-08 12:57:33', 'new'),
    ('free', 'test_title', 'test_content', 'new@naver.com', 0, '2017-08-08 12:57:33', 'new'),
    ('free', 'test_title', 'test_content', 'new@naver.com', 0, '2017-08-08 12:57:33', 'new'),
    ('free', 'test_title', 'test_content', 'new@naver.com', 0, '2017-08-08 12:57:33', 'new'),
    ('free', 'test_title', 'test_content', 'new@naver.com', 0, '2017-08-08 12:57:33', 'new'),
    ('free', 'test_title', 'test_content', 'new@naver.com', 0, '2017-08-08 12:57:33', 'new'),
    ('free', 'test_title', 'test_content', 'new@naver.com', 0, '2017-08-08 12:57:33', 'new'),
    ('free', 'test_title', 'test_content', 'new@naver.com', 0, '2017-08-08 12:57:33', 'new'),
    ('free', 'test_title', 'test_content', 'new@naver.com', 0, '2017-08-08 12:57:33', 'new'),
    ('free', 'test_title', 'test_content', 'new@naver.com', 0, '2017-08-08 12:57:33', 'new'),
    ('free', 'test_title', 'test_content', 'new@naver.com', 0, '2017-08-08 12:57:33', 'new'),
    ('free', 'test_title', 'test_content', 'new@naver.com', 0, '2017-08-08 12:57:33', 'new'),
    ('free', 'test_title', 'test_content', 'new@naver.com', 0, '2017-08-08 12:57:33', 'new'),
    ('free', 'test_title', 'test_content', 'new@naver.com', 0, '2017-08-08 12:57:33', 'new'),
    ('free', 'test_title', 'test_content', 'new@naver.com', 0, '2017-08-08 12:57:33', 'new'),
    ('free', 'test_title', 'test_content', 'new@naver.com', 0, '2017-08-08 12:57:33', 'new'),
    ('free', 'test_title', 'test_content', 'new@naver.com', 0, '2017-08-08 12:57:33', 'new'),
    ('free', 'test_title', 'test_content', 'new@naver.com', 0, '2017-08-08 12:57:33', 'new'),
    ('free', 'test_title', 'test_content', 'new@naver.com', 0, '2017-08-08 12:57:33', 'new'),
    ('free', 'test_title', 'test_content', 'new@naver.com', 0, '2017-08-08 12:57:33', 'new'),
    ('free', 'test_title', 'test_content', 'new@naver.com', 0, '2017-08-08 12:57:33', 'new'),
    ('free', 'test_title', 'test_content', 'new@naver.com', 0, '2017-08-08 12:57:33', 'new'),
    ('free', 'test_title', 'test_content', 'new@naver.com', 0, '2017-08-08 12:57:33', 'new'),
    ('free', 'test_title', 'test_content', 'new@naver.com', 0, '2017-08-08 12:57:33', 'new'),
    ('free', 'test_title', 'test_content', 'new@naver.com', 0, '2017-08-08 12:57:33', 'new'),
    ('free', 'test_title', 'test_content', 'new@naver.com', 0, '2017-08-08 12:57:33', 'new'),
    ('free', 'test_title', 'test_content', 'new@naver.com', 0, '2017-08-08 12:57:33', 'new'),
    ('free', 'test_title', 'test_content', 'new@naver.com', 0, '2017-08-08 12:57:33', 'new'),
    ('free', 'test_title', 'test_content', 'new@naver.com', 0, '2017-08-08 12:57:33', 'new'),
    ('free', 'test_title', 'test_content', 'new@naver.com', 0, '2017-08-08 12:57:33', 'new'),
    ('free', 'test_title', 'test_content', 'new@naver.com', 0, '2017-08-08 12:57:33', 'new'),
    ('free', 'test_title', 'test_content', 'new@naver.com', 0, '2017-08-08 12:57:33', 'new'),
    ('free', 'test_title', 'test_content', 'new@naver.com', 0, '2017-08-08 12:57:33', 'new'),
    ('free', 'test_title', 'test_content', 'new@naver.com', 0, '2017-08-08 12:57:33', 'new'),
    ('free', 'test_title', 'test_content', 'new@naver.com', 0, '2017-08-08 12:57:33', 'new'),
    ('free', 'test_title', 'test_content', 'new@naver.com', 0, '2017-08-08 12:57:33', 'new'),
    ('free', 'test_title', 'test_content', 'new@naver.com', 0, '2017-08-08 12:57:33', 'new'),
    ('free', 'test_title', 'test_content', 'new@naver.com', 0, '2017-08-08 12:57:33', 'new'),
    ('free', 'test_title', 'test_content', 'new@naver.com', 0, '2017-08-08 12:57:33', 'new'),
    ('free', 'test_title', 'test_content', 'new@naver.com', 0, '2017-08-08 12:57:33', 'new'),
    ('free', 'test_title', 'test_content', 'new@naver.com', 0, '2017-08-08 12:57:33', 'new'),
    ('free', 'test_title', 'test_content', 'new@naver.com', 0, '2017-08-08 12:57:33', 'new'),
    ('free', 'test_title', 'test_content', 'new@naver.com', 0, '2017-08-08 12:57:33', 'new'),
    ('free', 'test_title', 'test_content', 'new@naver.com', 0, '2017-08-08 12:57:33', 'new'),
    ('free', 'test_title', 'test_content', 'new@naver.com', 0, '2017-08-08 12:57:33', 'new'),
    ('free', 'test_title', 'test_content', 'new@naver.com', 0, '2017-08-08 12:57:33', 'new'),
    ('free', 'test_title', 'test_content', 'new@naver.com', 0, '2017-08-08 12:57:33', 'new'),
    ('free', 'test_title', 'test_content', 'new@naver.com', 0, '2017-08-08 12:57:33', 'new'),
    ('free', 'test_title', 'test_content', 'new@naver.com', 0, '2017-08-08 12:57:33', 'new'),
    ('free', 'test_title', 'test_content', 'new@naver.com', 0, '2017-08-08 12:57:33', 'new'),
    ('free', 'test_title', 'test_content', 'new@naver.com', 0, '2017-08-08 12:57:33', 'new'),
    ('free', 'test_title', 'test_content', 'new@naver.com', 0, '2017-08-08 12:57:33', 'new'),
    ('free', 'test_title', 'test_content', 'new@naver.com', 0, '2017-08-08 12:57:33', 'new'),
    ('free', 'test_title', 'test_content', 'new@naver.com', 0, '2017-08-08 12:57:33', 'new'),
    ('free', 'test_title', 'test_content', 'new@naver.com', 0, '2017-08-08 12:57:33', 'new'),
    ('free', 'test_title', 'test_content', 'new@naver.com', 0, '2017-08-08 12:57:33', 'new'),
    ('free', 'test_title', 'test_content', 'new@naver.com', 0, '2017-08-08 12:57:33', 'new'),
    ('free', 'test_title', 'test_content', 'new@naver.com', 0, '2017-08-08 12:57:33', 'new'),
    ('free', 'test_title', 'test_content', 'new@naver.com', 0, '2017-08-08 12:57:33', 'new'),
    ('free', 'test_title', 'test_content', 'new@naver.com', 0, '2017-08-08 12:57:33', 'new'),
    ('free', 'test_title', 'test_content', 'new@naver.com', 0, '2017-08-08 12:57:33', 'new'),
    ('free', 'test_title', 'test_content', 'new@naver.com', 0, '2017-08-08 12:57:33', 'new'),
    ('free', 'test_title', 'test_content', 'new@naver.com', 0, '2017-08-08 12:57:33', 'new'),
    ('free', 'test_title', 'test_content', 'new@naver.com', 0, '2017-08-08 12:57:33', 'new'),
    ('free', 'test_title', 'test_content', 'new@naver.com', 0, '2017-08-08 12:57:33', 'new'),
    ('free', 'test_title', 'test_content', 'new@naver.com', 0, '2017-08-08 12:57:33', 'new'),
    ('free', 'test_title', 'test_content', 'new@naver.com', 0, '2017-08-08 12:57:33', 'new'),
    ('free', 'test_title', 'test_content', 'new@naver.com', 0, '2017-08-08 12:57:33', 'new'),
    ('free', 'test_title', 'test_content', 'new@naver.com', 0, '2017-08-08 12:57:33', 'new'),
    ('free', 'test_title', 'test_content', 'new@naver.com', 0, '2017-08-08 12:57:33', 'new'),
    ('free', 'test_title', 'test_content', 'new@naver.com', 0, '2017-08-08 12:57:33', 'new'),
    ('free', 'test_title', 'test_content', 'new@naver.com', 0, '2017-08-08 12:57:33', 'new'),
    ('free', 'test_title', 'test_content', 'new@naver.com', 0, '2017-08-08 12:57:33', 'new'),
    ('free', 'test_title', 'test_content', 'new@naver.com', 0, '2017-08-08 12:57:33', 'new'),
    ('free', 'test_title', 'test_content', 'new@naver.com', 0, '2017-08-08 12:57:33', 'new'),
    ('free', 'test_title', 'test_content', 'new@naver.com', 0, '2017-08-08 12:57:33', 'new'),
    ('free', 'test_title', 'test_content', 'new@naver.com', 0, '2017-08-08 12:57:33', 'new'),
    ('free', 'test_title', 'test_content', 'new@naver.com', 0, '2017-08-08 12:57:33', 'new'),
    ('free', 'test_title', 'test_content', 'new@naver.com', 0, '2017-08-08 12:57:33', 'new'),
    ('free', 'test_title', 'test_content', 'new@naver.com', 0, '2017-08-08 12:57:33', 'new'),
    ('free', 'test_title', 'test_content', 'new@naver.com', 0, '2017-08-08 12:57:33', 'new'),
    ('free', 'test_title', 'test_content', 'new@naver.com', 0, '2017-08-08 12:57:33', 'new'),
    ('free', 'test_title', 'test_content', 'new@naver.com', 0, '2017-08-08 12:57:33', 'new'),
    ('free', 'test_title', 'test_content', 'new@naver.com', 0, '2017-08-08 12:57:33', 'new'),
    ('free', 'test_title', 'test_content', 'new@naver.com', 0, '2017-08-08 12:57:33', 'new'),
    ('free', 'test_title', 'test_content', 'new@naver.com', 0, '2017-08-08 12:57:33', 'new'),
    ('free', 'test_title', 'test_content', 'new@naver.com', 0, '2017-08-08 12:57:33', 'new'),
    ('free', 'test_title', 'test_content', 'new@naver.com', 0, '2017-08-08 12:57:33', 'new'),
    ('free', 'test_title', 'test_content', 'new@naver.com', 0, '2017-08-08 12:57:33', 'new'),
    ('free', 'test_title', 'test_content', 'new@naver.com', 0, '2017-08-08 12:57:33', 'new'),
    ('free', 'test_title', 'test_content', 'new@naver.com', 0, '2017-08-08 12:57:33', 'new'),
    ('free', 'test_title', 'test_content', 'new@naver.com', 0, '2017-08-08 12:57:33', 'new'),
    ('free', 'test_title', 'test_content', 'new@naver.com', 0, '2017-08-08 12:57:33', 'new'),
    ('free', 'test_title', 'test_content', 'new@naver.com', 0, '2017-08-08 12:57:33', 'new'),
    ('free', 'test_title', 'test_content', 'new@naver.com', 0, '2017-08-08 12:57:33', 'new'),
    ('free', 'test_title', 'test_content', 'new@naver.com', 0, '2017-08-08 12:57:33', 'new'),
    ('free', 'test_title', 'test_content', 'new@naver.com', 0, '2017-08-08 12:57:33', 'new'),
    ('free', 'test_title', 'test_content', 'new@naver.com', 0, '2017-08-08 12:57:33', 'new'),
    ('free', 'test_title', 'test_content', 'new@naver.com', 0, '2017-08-08 12:57:33', 'new'),
    ('free', 'test_title', 'test_content', 'new@naver.com', 0, '2017-08-08 12:57:33', 'new'),
    ('free', 'test_title', 'test_content', 'new@naver.com', 0, '2017-08-08 12:57:33', 'new'),
    ('free', 'test_title', 'test_content', 'new@naver.com', 0, '2017-08-08 12:57:33', 'new'),
    ('free', 'test_title', 'test_content', 'new@naver.com', 0, '2017-08-08 12:57:33', 'new'),
    ('free', 'test_title', 'test_content', 'new@naver.com', 0, '2017-08-08 12:57:33', 'new'),
    ('free', 'test_title', 'test_content', 'new@naver.com', 0, '2017-08-08 12:57:33', 'new'),
    ('free', 'test_title', 'test_content', 'new@naver.com', 0, '2017-08-08 12:57:33', 'new'),
    ('free', 'test_title', 'test_content', 'new@naver.com', 0, '2017-08-08 12:57:33', 'new'),
    ('free', 'test_title', 'test_content', 'new@naver.com', 0, '2017-08-08 12:57:33', 'new'),
    ('free', 'test_title', 'test_content', 'new@naver.com', 0, '2017-08-08 12:57:33', 'new'),
    ('free', 'test_title', 'test_content', 'new@naver.com', 0, '2017-08-08 12:57:33', 'new'),
    ('free', 'test_title', 'test_content', 'new@naver.com', 0, '2017-08-08 12:57:33', 'new'),
    ('free', 'test_title', 'test_content', 'new@naver.com', 0, '2017-08-08 12:57:33', 'new'),
    ('free', 'test_title', 'test_content', 'new@naver.com', 0, '2017-08-08 12:57:33', 'new'),
    ('free', 'test_title', 'test_content', 'new@naver.com', 0, '2017-08-08 12:57:33', 'new'),
    ('free', 'test_title', 'test_content', 'new@naver.com', 0, '2017-08-08 12:57:33', 'new'),
    ('free', 'test_title', 'test_content', 'new@naver.com', 0, '2017-08-08 12:57:33', 'new'),
    ('free', 'test_title', 'test_content', 'new@naver.com', 0, '2017-08-08 12:57:33', 'new'),
    ('free', 'test_title', 'test_content', 'new@naver.com', 0, '2017-08-08 12:57:33', 'new'),
    ('free', 'test_title', 'test_content', 'new@naver.com', 0, '2017-08-08 12:57:33', 'new'),
    ('free', 'test_title', 'test_content', 'new@naver.com', 0, '2017-08-08 12:57:33', 'new'),
    ('free', 'test_title', 'test_content', 'new@naver.com', 0, '2017-08-08 12:57:33', 'new'),
    ('free', 'test_title', 'test_content', 'new@naver.com', 0, '2017-08-08 12:57:33', 'new'),
    ('free', 'test_title', 'test_content', 'new@naver.com', 0, '2017-08-08 12:57:33', 'new'),
    ('free', 'test_title', 'test_content', 'new@naver.com', 0, '2017-08-08 12:57:33', 'new'),
    ('free', 'test_title', 'test_content', 'new@naver.com', 0, '2017-08-08 12:57:33', 'new'),
    ('free', 'test_title', 'test_content', 'new@naver.com', 0, '2017-08-08 12:57:33', 'new'),
    ('free', 'test_title', 'test_content', 'new@naver.com', 0, '2017-08-08 12:57:33', 'new'),
    ('free', 'test_title', 'test_content', 'new@naver.com', 0, '2017-08-08 12:57:33', 'new'),
    ('free', 'test_title', 'test_content', 'new@naver.com', 0, '2017-08-08 12:57:33', 'new'),
    ('free', 'test_title', 'test_content', 'new@naver.com', 0, '2017-08-08 12:57:33', 'new'),
    ('free', 'test_title', 'test_content', 'new@naver.com', 0, '2017-08-08 12:57:33', 'new'),
    ('free', 'test_title', 'test_content', 'new@naver.com', 0, '2017-08-08 12:57:33', 'new'),
    ('free', 'test_title', 'test_content', 'new@naver.com', 0, '2017-08-08 12:57:33', 'new'),
    ('free', 'test_title', 'test_content', 'new@naver.com', 0, '2017-08-08 12:57:33', 'new'),
    ('free', 'test_title', 'test_content', 'new@naver.com', 0, '2017-08-08 12:57:33', 'new'),
    ('free', 'test_title', 'test_content', 'new@naver.com', 0, '2017-08-08 12:57:33', 'new'),
    ('free', 'test_title', 'test_content', 'new@naver.com', 0, '2017-08-08 12:57:33', 'new'),
    ('free', 'test_title', 'test_content', 'new@naver.com', 0, '2017-08-08 12:57:33', 'new'),
    ('free', 'test_title', 'test_content', 'new@naver.com', 0, '2017-08-08 12:57:33', 'new'),
    ('free', 'test_title', 'test_content', 'new@naver.com', 0, '2017-08-08 12:57:33', 'new'),
    ('free', 'test_title', 'test_content', 'new@naver.com', 0, '2017-08-08 12:57:33', 'new'),
    ('free', 'test_title', 'test_content', 'new@naver.com', 0, '2017-08-08 12:57:33', 'new'),
    ('free', 'test_title', 'test_content', 'new@naver.com', 0, '2017-08-08 12:57:33', 'new'),
    ('free', 'test_title', 'test_content', 'new@naver.com', 0, '2017-08-08 12:57:33', 'new'),
    ('free', 'test_title', 'test_content', 'new@naver.com', 0, '2017-08-08 12:57:33', 'new'),
    ('free', 'test_title', 'test_content', 'new@naver.com', 0, '2017-08-08 12:57:33', 'new'),
    ('free', 'test_title', 'test_content', 'new@naver.com', 0, '2017-08-08 12:57:33', 'new'),
    ('free', 'test_title', 'test_content', 'new@naver.com', 0, '2017-08-08 12:57:33', 'new'),
    ('free', 'test_title', 'test_content', 'new@naver.com', 0, '2017-08-08 12:57:33', 'new'),
    ('free', 'test_title', 'test_content', 'new@naver.com', 0, '2017-08-08 12:57:33', 'new'),
    ('free', 'test_title', 'test_content', 'new@naver.com', 0, '2017-08-08 12:57:33', 'new'),
    ('free', 'test_title', 'test_content', 'new@naver.com', 0, '2017-08-08 12:57:33', 'new'),
    ('free', 'test_title', 'test_content', 'new@naver.com', 0, '2017-08-08 12:57:33', 'new'),
    ('free', 'test_title', 'test_content', 'new@naver.com', 0, '2017-08-08 12:57:33', 'new'),
    ('free', 'test_title', 'test_content', 'new@naver.com', 0, '2017-08-08 12:57:33', 'new'),
    ('free', 'test_title', 'test_content', 'new@naver.com', 0, '2017-08-08 12:57:33', 'new'),
    ('free', 'test_title', 'test_content', 'new@naver.com', 0, '2017-08-08 12:57:33', 'new'),
    ('free', 'test_title', 'test_content', 'new@naver.com', 0, '2017-08-08 12:57:33', 'new'),
    ('free', 'test_title', 'test_content', 'new@naver.com', 0, '2017-08-08 12:57:33', 'new'),
    ('free', 'test_title', 'test_content', 'new@naver.com', 0, '2017-08-08 12:57:33', 'new'),
    ('free', 'test_title', 'test_content', 'new@naver.com', 0, '2017-08-08 12:57:33', 'new'),
    ('free', 'test_title', 'test_content', 'new@naver.com', 0, '2017-08-08 12:57:33', 'new'),
    ('free', 'test_title', 'test_content', 'new@naver.com', 0, '2017-08-08 12:57:33', 'new'),
    ('free', 'test_title', 'test_content', 'new@naver.com', 0, '2017-08-08 12:57:33', 'new'),
    ('free', 'test_title', 'test_content', 'new@naver.com', 0, '2017-08-08 12:57:33', 'new'),
    ('free', 'test_title', 'test_content', 'new@naver.com', 0, '2017-08-08 12:57:33', 'new'),
    ('free', 'test_title', 'test_content', 'new@naver.com', 0, '2017-08-08 12:57:33', 'new'),
    ('free', 'test_title', 'test_content', 'new@naver.com', 0, '2017-08-08 12:57:33', 'new'),
    ('free', 'test_title', 'test_content', 'new@naver.com', 0, '2017-08-08 12:57:33', 'new'),
    ('free', 'test_title', 'test_content', 'new@naver.com', 0, '2017-08-08 12:57:33', 'new'),
    ('free', 'test_title', 'test_content', 'new@naver.com', 0, '2017-08-08 12:57:33', 'new'),
    ('free', 'test_title', 'test_content', 'new@naver.com', 0, '2017-08-08 12:57:33', 'new'),
    ('free', 'test_title', 'test_content', 'new@naver.com', 0, '2017-08-08 12:57:33', 'new'),
    ('free', 'test_title', 'test_content', 'new@naver.com', 0, '2017-08-08 12:57:33', 'new'),
    ('free', 'test_title', 'test_content', 'new@naver.com', 0, '2017-08-08 12:57:33', 'new'),
    ('free', 'test_title', 'test_content', 'new@naver.com', 0, '2017-08-08 12:57:33', 'new'),
    ('free', 'test_title', 'test_content', 'new@naver.com', 0, '2017-08-08 12:57:33', 'new'),
    ('free', 'test_title', 'test_content', 'new@naver.com', 0, '2017-08-08 12:57:33', 'new'),
    ('free', 'test_title', 'test_content', 'new@naver.com', 0, '2017-08-08 12:57:33', 'new'),
    ('free', 'test_title', 'test_content', 'new@naver.com', 0, '2017-08-08 12:57:33', 'new'),
    ('free', 'test_title', 'test_content', 'new@naver.com', 0, '2017-08-08 12:57:33', 'new'),
    ('free', 'test_title', 'test_content', 'new@naver.com', 0, '2017-08-08 12:57:33', 'new'),
    ('free', 'test_title', 'test_content', 'new@naver.com', 0, '2017-08-08 12:57:33', 'new'),
    ('free', 'test_title', 'test_content', 'new@naver.com', 0, '2017-08-08 12:57:33', 'new'),
    ('free', 'test_title', 'test_content', 'new@naver.com', 0, '2017-08-08 12:57:33', 'new'),
    ('free', 'test_title', 'test_content', 'new@naver.com', 0, '2017-08-08 12:57:33', 'new'),
    ('free', 'test_title', 'test_content', 'new@naver.com', 0, '2017-08-08 12:57:33', 'new'),
    ('free', 'test_title', 'test_content', 'new@naver.com', 0, '2017-08-08 12:57:33', 'new'),
    ('free', 'test_title', 'test_content', 'new@naver.com', 0, '2017-08-08 12:57:33', 'new'),
    ('free', 'test_title', 'test_content', 'new@naver.com', 0, '2017-08-08 12:57:33', 'new'),
    ('free', 'test_title', 'test_content', 'new@naver.com', 0, '2017-08-08 12:57:33', 'new'),
    ('free', 'test_title', 'test_content', 'new@naver.com', 0, '2017-08-08 12:57:33', 'new'),
    ('free', 'test_title', 'test_content', 'new@naver.com', 0, '2017-08-08 12:57:33', 'new'),
    ('free', 'test_title', 'test_content', 'new@naver.com', 0, '2017-08-08 12:57:33', 'new'),
    ('free', 'test_title', 'test_content', 'new@naver.com', 0, '2017-08-08 12:57:33', 'new'),
    ('free', 'test_title', 'test_content', 'new@naver.com', 0, '2017-08-08 12:57:33', 'new'),
    ('free', 'test_title', 'test_content', 'new@naver.com', 0, '2017-08-08 12:57:33', 'new'),
    ('free', 'test_title', 'test_content', 'new@naver.com', 0, '2017-08-08 12:57:33', 'new'),
    ('free', 'test_title', 'test_content', 'new@naver.com', 0, '2017-08-08 12:57:33', 'new'),
    ('free', 'test_title', 'test_content', 'new@naver.com', 0, '2017-08-08 12:57:33', 'new'),
    ('free', 'test_title', 'test_content', 'new@naver.com', 0, '2017-08-08 12:57:33', 'new'),
    ('free', 'test_title', 'test_content', 'new@naver.com', 0, '2017-08-08 12:57:33', 'new'),
    ('free', 'test_title', 'test_content', 'new@naver.com', 0, '2017-08-08 12:57:33', 'new'),
    ('free', 'test_title', 'test_content', 'new@naver.com', 0, '2017-08-08 12:57:33', 'new'),
    ('free', 'test_title', 'test_content', 'new@naver.com', 0, '2017-08-08 12:57:33', 'new'),
    ('free', 'test_title', 'test_content', 'new@naver.com', 0, '2017-08-08 12:57:33', 'new'),
    ('free', 'test_title', 'test_content', 'new@naver.com', 0, '2017-08-08 12:57:33', 'new'),
    ('free', 'test_title', 'test_content', 'new@naver.com', 0, '2017-08-08 12:57:33', 'new'),
    ('free', 'test_title', 'test_content', 'new@naver.com', 0, '2017-08-08 12:57:33', 'new'),
    ('free', 'test_title', 'test_content', 'new@naver.com', 0, '2017-08-08 12:57:33', 'new'),
    ('free', 'test_title', 'test_content', 'new@naver.com', 0, '2017-08-08 12:57:33', 'new'),
    ('free', 'test_title', 'test_content', 'new@naver.com', 0, '2017-08-08 12:57:33', 'new'),
    ('free', 'test_title', 'test_content', 'new@naver.com', 0, '2017-08-08 12:57:33', 'new'),
    ('free', 'test_title', 'test_content', 'new@naver.com', 0, '2017-08-08 12:57:33', 'new'),
    ('free', 'test_title', 'test_content', 'new@naver.com', 0, '2017-08-08 12:57:33', 'new'),
    ('free', 'test_title', 'test_content', 'new@naver.com', 0, '2017-08-08 12:57:33', 'new'),
    ('free', 'test_title', 'test_content', 'new@naver.com', 0, '2017-08-08 12:57:33', 'new'),
    ('free', 'test_title', 'test_content', 'new@naver.com', 0, '2017-08-08 12:57:33', 'new'),
    ('free', 'test_title', 'test_content', 'new@naver.com', 0, '2017-08-08 12:57:33', 'new'),
    ('free', 'test_title', 'test_content', 'new@naver.com', 0, '2017-08-08 12:57:33', 'new'),
    ('free', 'test_title', 'test_content', 'new@naver.com', 0, '2017-08-08 12:57:33', 'new'),
    ('free', 'test_title', 'test_content', 'new@naver.com', 0, '2017-08-08 12:57:33', 'new'),
    ('free', 'test_title', 'test_content', 'new@naver.com', 0, '2017-08-08 12:57:33', 'new'),
    ('free', 'test_title', 'test_content', 'new@naver.com', 0, '2017-08-08 12:57:33', 'new'),
    ('free', 'test_title', 'test_content', 'new@naver.com', 0, '2017-08-08 12:57:33', 'new'),
    ('free', 'test_title', 'test_content', 'new@naver.com', 0, '2017-08-08 12:57:33', 'new'),
    ('free', 'test_title', 'test_content', 'new@naver.com', 0, '2017-08-08 12:57:33', 'new'),
    ('free', 'test_title', 'test_content', 'new@naver.com', 0, '2017-08-08 12:57:33', 'new'),
    ('free', 'test_title', 'test_content', 'new@naver.com', 0, '2017-08-08 12:57:33', 'new'),
    ('free', 'test_title', 'test_content', 'new@naver.com', 0, '2017-08-08 12:57:33', 'new'),
    ('free', 'test_title', 'test_content', 'new@naver.com', 0, '2017-08-08 12:57:33', 'new'),
    ('free', 'test_title', 'test_content', 'new@naver.com', 0, '2017-08-08 12:57:33', 'new'),
    ('free', 'test_title', 'test_content', 'new@naver.com', 0, '2017-08-08 12:57:33', 'new'),
    ('free', 'test_title', 'test_content', 'new@naver.com', 0, '2017-08-08 12:57:33', 'new'),
    ('free', 'test_title', 'test_content', 'new@naver.com', 0, '2017-08-08 12:57:33', 'new'),
    ('free', 'test_title', 'test_content', 'new@naver.com', 0, '2017-08-08 12:57:33', 'new'),
    ('free', 'test_title', 'test_content', 'new@naver.com', 0, '2017-08-08 12:57:33', 'new'),
    ('free', 'test_title', 'test_content', 'new@naver.com', 0, '2017-08-08 12:57:33', 'new'),
    ('free', 'test_title', 'test_content', 'new@naver.com', 0, '2017-08-08 12:57:33', 'new'),
    ('free', 'test_title', 'test_content', 'new@naver.com', 0, '2017-08-08 12:57:33', 'new'),
    ('free', 'test_title', 'test_content', 'new@naver.com', 0, '2017-08-08 12:57:33', 'new'),
    ('free', 'test_title', 'test_content', 'new@naver.com', 0, '2017-08-08 12:57:33', 'new'),
    ('free', 'test_title', 'test_content', 'new@naver.com', 0, '2017-08-08 12:57:33', 'new'),
    ('free', 'test_title', 'test_content', 'new@naver.com', 0, '2017-08-08 12:57:33', 'new'),
    ('free', 'test_title', 'test_content', 'new@naver.com', 0, '2017-08-08 12:57:33', 'new'),
    ('free', 'test_title', 'test_content', 'new@naver.com', 0, '2017-08-08 12:57:33', 'new'),
    ('free', 'test_title', 'test_content', 'new@naver.com', 0, '2017-08-08 12:57:33', 'new'),
    ('free', 'test_title', 'test_content', 'new@naver.com', 0, '2017-08-08 12:57:33', 'new'),
    ('free', 'test_title', 'test_content', 'new@naver.com', 0, '2017-08-08 12:57:33', 'new'),
    ('free', 'test_title', 'test_content', 'new@naver.com', 0, '2017-08-08 12:57:33', 'new'),
    ('free', 'test_title', 'test_content', 'new@naver.com', 0, '2017-08-08 12:57:33', 'new'),
    ('free', 'test_title', 'test_content', 'new@naver.com', 0, '2017-08-08 12:57:33', 'new'),
    ('free', 'test_title', 'test_content', 'new@naver.com', 0, '2017-08-08 12:57:33', 'new'),
    ('free', 'test_title', 'test_content', 'new@naver.com', 0, '2017-08-08 12:57:33', 'new'),
    ('free', 'test_title', 'test_content', 'new@naver.com', 0, '2017-08-08 12:57:33', 'new'),
    ('free', 'test_title', 'test_content', 'new@naver.com', 0, '2017-08-08 12:57:33', 'new'),
    ('free', 'test_title', 'test_content', 'new@naver.com', 0, '2017-08-08 12:57:33', 'new'),
    ('free', 'test_title', 'test_content', 'new@naver.com', 0, '2017-08-08 12:57:33', 'new'),
    ('free', 'test_title', 'test_content', 'new@naver.com', 0, '2017-08-08 12:57:33', 'new'),
    ('free', 'test_title', 'test_content', 'new@naver.com', 0, '2017-08-08 12:57:33', 'new'),
    ('free', 'test_title', 'test_content', 'new@naver.com', 0, '2017-08-08 12:57:33', 'new'),
    ('free', 'test_title', 'test_content', 'new@naver.com', 0, '2017-08-08 12:57:33', 'new'),
    ('free', 'test_title', 'test_content', 'new@naver.com', 0, '2017-08-08 12:57:33', 'new'),
    ('free', 'test_title', 'test_content', 'new@naver.com', 0, '2017-08-08 12:57:33', 'new'),
    ('free', 'test_title', 'test_content', 'new@naver.com', 0, '2017-08-08 12:57:33', 'new'),
    ('free', 'test_title', 'test_content', 'new@naver.com', 0, '2017-08-08 12:57:33', 'new'),
    ('free', 'test_title', 'test_content', 'new@naver.com', 0, '2017-08-08 12:57:33', 'new'),
    ('free', 'test_title', 'test_content', 'new@naver.com', 0, '2017-08-08 12:57:33', 'new'),
    ('free', 'test_title', 'test_content', 'new@naver.com', 0, '2017-08-08 12:57:33', 'new'),
    ('free', 'test_title', 'test_content', 'new@naver.com', 0, '2017-08-08 12:57:33', 'new'),
    ('free', 'test_title', 'test_content', 'new@naver.com', 0, '2017-08-08 12:57:33', 'new'),
    ('free', 'test_title', 'test_content', 'new@naver.com', 0, '2017-08-08 12:57:33', 'new'),
    ('free', 'test_title', 'test_content', 'new@naver.com', 0, '2017-08-08 12:57:33', 'new'),
    ('free', 'test_title', 'test_content', 'new@naver.com', 0, '2017-08-08 12:57:33', 'new'),
    ('free', 'test_title', 'test_content', 'new@naver.com', 0, '2017-08-08 12:57:33', 'new'),
    ('free', 'test_title', 'test_content', 'new@naver.com', 0, '2017-08-08 12:57:33', 'new'),
    ('free', 'test_title', 'test_content', 'new@naver.com', 0, '2017-08-08 12:57:33', 'new'),
    ('free', 'test_title', 'test_content', 'new@naver.com', 0, '2017-08-08 12:57:33', 'new'),
    ('free', 'test_title', 'test_content', 'new@naver.com', 0, '2017-08-08 12:57:33', 'new'),
    ('free', 'test_title', 'test_content', 'new@naver.com', 0, '2017-08-08 12:57:33', 'new'),
    ('free', 'test_title', 'test_content', 'new@naver.com', 0, '2017-08-08 12:57:33', 'new'),
    ('free', 'test_title', 'test_content', 'new@naver.com', 0, '2017-08-08 12:57:33', 'new'),
    ('free', 'test_title', 'test_content', 'new@naver.com', 0, '2017-08-08 12:57:33', 'new'),
    ('free', 'test_title', 'test_content', 'new@naver.com', 0, '2017-08-08 12:57:33', 'new'),
    ('free', 'test_title', 'test_content', 'new@naver.com', 0, '2017-08-08 12:57:33', 'new'),
    ('free', 'test_title', 'test_content', 'new@naver.com', 0, '2017-08-08 12:57:33', 'new'),
    ('free', 'test_title', 'test_content', 'new@naver.com', 0, '2017-08-08 12:57:33', 'new'),
    ('free', 'test_title', 'test_content', 'new@naver.com', 0, '2017-08-08 12:57:33', 'new'),
    ('free', 'test_title', 'test_content', 'new@naver.com', 0, '2017-08-08 12:57:33', 'new'),
    ('free', 'test_title', 'test_content', 'new@naver.com', 0, '2017-08-08 12:57:33', 'new'),
    ('free', 'test_title', 'test_content', 'new@naver.com', 0, '2017-08-08 12:57:33', 'new'),
    ('free', 'test_title', 'test_content', 'new@naver.com', 0, '2017-08-08 12:57:33', 'new'),
    ('free', 'test_title', 'test_content', 'new@naver.com', 0, '2017-08-08 12:57:33', 'new'),
    ('free', 'test_title', 'test_content', 'new@naver.com', 0, '2017-08-08 12:57:33', 'new'),
    ('free', 'test_title', 'test_content', 'new@naver.com', 0, '2017-08-08 12:57:33', 'new'),
    ('free', 'test_title', 'test_content', 'new@naver.com', 0, '2017-08-08 12:57:33', 'new'),
    ('free', 'test_title', 'test_content', 'new@naver.com', 0, '2017-08-08 12:57:33', 'new'),
    ('free', 'test_title', 'test_content', 'new@naver.com', 0, '2017-08-08 12:57:33', 'new')
    
    
    
    
/*!40000 ALTER TABLE `tb_bbs_article` ENABLE KEYS */;

-- 테이블 templestay_site.tb_bbs_attachfile 구조 내보내기
CREATE TABLE IF NOT EXISTS `tb_bbs_attachfile` (
  `attachfileno` int(10) unsigned NOT NULL AUTO_INCREMENT,
  `filename` varchar(50) NOT NULL,
  `filetype` varchar(30) DEFAULT NULL,
  `filesize` int(11) DEFAULT NULL,
  `articleno` int(11) DEFAULT NULL,
  `date` datetime DEFAULT NULL,
  `userid` varchar(40) DEFAULT NULL,
  `imageData` longblob,
  `tempfilename` varchar(50) DEFAULT NULL,
  PRIMARY KEY (`attachfileno`)
) ENGINE=InnoDB AUTO_INCREMENT=21 DEFAULT CHARSET=utf8;



-- 테이블 templestay_site.tb_bbs_comments 구조 내보내기
CREATE TABLE IF NOT EXISTS `tb_bbs_comments` (
  `commentno` int(10) unsigned NOT NULL AUTO_INCREMENT,
  `articleno` int(10) unsigned NOT NULL,
  `memo` varchar(4000) DEFAULT NULL,
  `date` datetime DEFAULT NULL,
  `userid` varchar(40) DEFAULT NULL,
  PRIMARY KEY (`commentno`)
) ENGINE=InnoDB AUTO_INCREMENT=120 DEFAULT CHARSET=utf8;

-- 테이블 데이터 templestay_site.tb_bbs_comments:~6 rows (대략적) 내보내기
/*!40000 ALTER TABLE `tb_bbs_comments` DISABLE KEYS */;
INSERT INTO `tb_bbs_comments` ( `articleno`, `memo`, `date`, `userid`) VALUES
    ( 3, '댓글 연습용', '2017-08-09 17:25:23', 'another_one'),
    ( 3, '댓글 연습용', '2017-08-09 17:25:23', 'another_one'),
    ( 3, '댓글 연습용', '2017-08-09 17:25:23', 'another_one'),
    ( 3, '댓글 연습용', '2017-08-09 17:25:23', 'admin'),
    ( 3, '댓글 연습용', '2017-08-09 17:25:23', 'yoo'),
    ( 3, '댓글 연습용', '2017-08-09 17:25:23', 'yoo');
/*!40000 ALTER TABLE `tb_bbs_comments` ENABLE KEYS */;


